,x,y,time,forager,type
0,24.0,15.0,1,1,communicators
1,22.0,13.0,2,1,communicators
2,20.0,11.0,3,1,communicators
3,18.0,9.0,4,1,communicators
4,16.0,7.0,5,1,communicators
5,14.0,5.0,6,1,communicators
6,14.0,7.0,7,1,communicators
7,13.0,7.0,8,1,communicators
8,15.0,7.0,9,1,communicators
9,14.0,8.0,10,1,communicators
10,12.0,6.0,11,1,communicators
11,13.0,5.0,12,1,communicators
12,15.0,6.0,13,1,communicators
13,15.0,8.0,14,1,communicators
14,12.0,8.0,15,1,communicators
15,12.0,7.0,16,1,communicators
16,14.0,6.0,17,1,communicators
17,15.0,5.0,18,1,communicators
18,12.0,5.0,19,1,communicators
19,13.0,7.0,20,1,communicators
20,13.0,8.0,21,1,communicators
21,11.0,9.0,22,1,communicators
22,9.0,11.0,23,1,communicators
23,8.0,11.0,24,1,communicators
24,8.0,14.0,25,1,communicators
25,8.0,12.0,26,1,communicators
26,10.0,14.0,27,1,communicators
27,9.0,12.0,28,1,communicators
28,11.0,12.0,29,1,communicators
29,10.0,13.0,30,1,communicators
30,9.0,11.0,31,1,communicators
31,10.0,10.0,32,1,communicators
32,12.0,8.0,33,1,communicators
33,14.0,6.0,34,1,communicators
34,14.0,6.0,35,1,communicators
35,16.0,5.0,36,1,communicators
36,16.0,5.0,37,1,communicators
37,15.0,5.0,38,1,communicators
38,15.0,5.0,39,1,communicators
39,16.0,6.0,40,1,communicators
40,15.0,7.0,41,1,communicators
41,15.0,6.0,42,1,communicators
42,14.0,7.0,43,1,communicators
43,14.0,5.0,44,1,communicators
44,16.0,4.0,45,1,communicators
45,17.0,5.0,46,1,communicators
46,17.0,6.0,47,1,communicators
47,17.0,4.0,48,1,communicators
48,15.0,4.0,49,1,communicators
49,14.0,4.0,50,1,communicators
50,16.0,6.0,51,1,communicators
51,17.0,7.0,52,1,communicators
52,16.0,7.0,53,1,communicators
53,18.0,8.0,54,1,communicators
54,18.0,7.0,55,1,communicators
55,16.0,6.0,56,1,communicators
56,14.0,5.0,57,1,communicators
57,16.0,5.0,58,1,communicators
58,15.0,5.0,59,1,communicators
59,15.0,6.0,60,1,communicators
60,13.0,7.0,61,1,communicators
61,14.0,6.0,62,1,communicators
62,15.0,7.0,63,1,communicators
63,17.0,5.0,64,1,communicators
64,16.0,4.0,65,1,communicators
65,18.0,3.0,66,1,communicators
66,18.0,6.0,67,1,communicators
67,20.0,4.0,68,1,communicators
68,21.0,4.0,69,1,communicators
69,22.0,2.0,70,1,communicators
70,24.0,3.0,71,1,communicators
71,24.0,6.0,72,1,communicators
72,26.0,4.0,73,1,communicators
73,24.0,3.0,74,1,communicators
74,25.0,3.0,75,1,communicators
75,23.0,4.0,76,1,communicators
76,20.0,4.0,77,1,communicators
77,17.0,4.0,78,1,communicators
78,14.0,4.0,79,1,communicators
79,11.0,4.0,80,1,communicators
80,11.0,4.0,81,1,communicators
81,10.0,2.0,82,1,communicators
82,9.0,3.0,83,1,communicators
83,11.0,5.0,84,1,communicators
84,9.0,6.0,85,1,communicators
85,6.0,6.0,86,1,communicators
86,4.0,8.0,87,1,communicators
87,2.0,8.0,88,1,communicators
88,1.0,10.0,89,1,communicators
89,3.0,8.0,90,1,communicators
90,4.0,9.0,91,1,communicators
91,4.0,10.0,92,1,communicators
92,3.0,12.0,93,1,communicators
93,4.0,10.0,94,1,communicators
94,3.0,8.0,95,1,communicators
95,2.0,8.0,96,1,communicators
96,4.0,10.0,97,1,communicators
97,7.0,10.0,98,1,communicators
98,9.0,12.0,99,1,communicators
99,11.0,14.0,100,1,communicators
100,14.0,14.0,101,1,communicators
101,15.0,14.0,102,1,communicators
102,16.0,15.0,103,1,communicators
103,15.0,16.0,104,1,communicators
104,16.0,14.0,105,1,communicators
105,14.0,16.0,106,1,communicators
106,14.0,13.0,107,1,communicators
107,15.0,13.0,108,1,communicators
108,16.0,13.0,109,1,communicators
109,16.0,16.0,110,1,communicators
110,13.0,16.0,111,1,communicators
111,15.0,15.0,112,1,communicators
112,13.0,15.0,113,1,communicators
113,14.0,15.0,114,1,communicators
114,16.0,15.0,115,1,communicators
115,16.0,13.0,116,1,communicators
116,16.0,14.0,117,1,communicators
117,17.0,13.0,118,1,communicators
118,17.0,12.0,119,1,communicators
119,0.0,0.0,120,1,communicators
0,10.0,0.0,1,2,communicators
1,12.0,2.0,2,2,communicators
2,12.0,5.0,3,2,communicators
3,13.0,6.0,4,2,communicators
4,13.0,6.0,5,2,communicators
5,14.0,5.0,6,2,communicators
6,14.0,7.0,7,2,communicators
7,13.0,7.0,8,2,communicators
8,15.0,7.0,9,2,communicators
9,14.0,8.0,10,2,communicators
10,12.0,6.0,11,2,communicators
11,13.0,5.0,12,2,communicators
12,15.0,6.0,13,2,communicators
13,15.0,8.0,14,2,communicators
14,12.0,8.0,15,2,communicators
15,12.0,7.0,16,2,communicators
16,14.0,6.0,17,2,communicators
17,15.0,5.0,18,2,communicators
18,12.0,5.0,19,2,communicators
19,13.0,7.0,20,2,communicators
20,13.0,8.0,21,2,communicators
21,13.0,11.0,22,2,communicators
22,13.0,14.0,23,2,communicators
23,14.0,15.0,24,2,communicators
24,15.0,17.0,25,2,communicators
25,18.0,17.0,26,2,communicators
26,18.0,17.0,27,2,communicators
27,18.0,16.0,28,2,communicators
28,19.0,16.0,29,2,communicators
29,17.0,14.0,30,2,communicators
30,16.0,12.0,31,2,communicators
31,14.0,12.0,32,2,communicators
32,14.0,9.0,33,2,communicators
33,14.0,6.0,34,2,communicators
34,14.0,6.0,35,2,communicators
35,16.0,5.0,36,2,communicators
36,16.0,5.0,37,2,communicators
37,15.0,5.0,38,2,communicators
38,15.0,5.0,39,2,communicators
39,16.0,6.0,40,2,communicators
40,15.0,7.0,41,2,communicators
41,15.0,6.0,42,2,communicators
42,14.0,7.0,43,2,communicators
43,14.0,5.0,44,2,communicators
44,16.0,4.0,45,2,communicators
45,17.0,5.0,46,2,communicators
46,17.0,6.0,47,2,communicators
47,17.0,4.0,48,2,communicators
48,15.0,4.0,49,2,communicators
49,14.0,4.0,50,2,communicators
50,16.0,6.0,51,2,communicators
51,17.0,7.0,52,2,communicators
52,16.0,7.0,53,2,communicators
53,19.0,7.0,54,2,communicators
54,17.0,5.0,55,2,communicators
55,19.0,3.0,56,2,communicators
56,17.0,3.0,57,2,communicators
57,15.0,1.0,58,2,communicators
58,17.0,3.0,59,2,communicators
59,18.0,2.0,60,2,communicators
60,16.0,2.0,61,2,communicators
61,16.0,4.0,62,2,communicators
62,17.0,3.0,63,2,communicators
63,18.0,5.0,64,2,communicators
64,19.0,6.0,65,2,communicators
65,17.0,5.0,66,2,communicators
66,16.0,6.0,67,2,communicators
67,13.0,6.0,68,2,communicators
68,11.0,7.0,69,2,communicators
69,11.0,7.0,70,2,communicators
70,10.0,9.0,71,2,communicators
71,7.0,9.0,72,2,communicators
72,4.0,9.0,73,2,communicators
73,2.0,8.0,74,2,communicators
74,2.0,9.0,75,2,communicators
75,3.0,8.0,76,2,communicators
76,3.0,7.0,77,2,communicators
77,3.0,10.0,78,2,communicators
78,3.0,9.0,79,2,communicators
79,4.0,8.0,80,2,communicators
80,2.0,7.0,81,2,communicators
81,2.0,10.0,82,2,communicators
82,1.0,9.0,83,2,communicators
83,1.0,8.0,84,2,communicators
84,1.0,7.0,85,2,communicators
85,4.0,7.0,86,2,communicators
86,2.0,9.0,87,2,communicators
87,2.0,8.0,88,2,communicators
88,1.0,10.0,89,2,communicators
89,3.0,8.0,90,2,communicators
90,4.0,9.0,91,2,communicators
91,4.0,10.0,92,2,communicators
92,3.0,11.0,93,2,communicators
93,1.0,12.0,94,2,communicators
94,2.0,11.0,95,2,communicators
95,4.0,10.0,96,2,communicators
96,7.0,10.0,97,2,communicators
97,9.0,12.0,98,2,communicators
98,11.0,14.0,99,2,communicators
99,13.0,14.0,100,2,communicators
100,14.0,14.0,101,2,communicators
101,15.0,14.0,102,2,communicators
102,16.0,15.0,103,2,communicators
103,15.0,16.0,104,2,communicators
104,16.0,14.0,105,2,communicators
105,14.0,16.0,106,2,communicators
106,14.0,13.0,107,2,communicators
107,15.0,13.0,108,2,communicators
108,16.0,13.0,109,2,communicators
109,16.0,16.0,110,2,communicators
110,13.0,16.0,111,2,communicators
111,15.0,15.0,112,2,communicators
112,13.0,15.0,113,2,communicators
113,14.0,15.0,114,2,communicators
114,16.0,15.0,115,2,communicators
115,16.0,17.0,116,2,communicators
116,13.0,17.0,117,2,communicators
117,13.0,14.0,118,2,communicators
118,11.0,13.0,119,2,communicators
119,0.0,0.0,120,2,communicators
0,0.0,15.0,1,3,communicators
1,2.0,17.0,2,3,communicators
2,2.0,20.0,3,3,communicators
3,2.0,23.0,4,3,communicators
4,4.0,25.0,5,3,communicators
5,3.0,27.0,6,3,communicators
6,3.0,27.0,7,3,communicators
7,3.0,26.0,8,3,communicators
8,3.0,26.0,9,3,communicators
9,6.0,26.0,10,3,communicators
10,6.0,27.0,11,3,communicators
11,6.0,27.0,12,3,communicators
12,4.0,27.0,13,3,communicators
13,4.0,28.0,14,3,communicators
14,4.0,28.0,15,3,communicators
15,5.0,28.0,16,3,communicators
16,5.0,28.0,17,3,communicators
17,5.0,25.0,18,3,communicators
18,5.0,25.0,19,3,communicators
19,6.0,25.0,20,3,communicators
20,6.0,28.0,21,3,communicators
21,3.0,28.0,22,3,communicators
22,3.0,28.0,23,3,communicators
23,4.0,26.0,24,3,communicators
24,5.0,27.0,25,3,communicators
25,5.0,26.0,26,3,communicators
26,3.0,25.0,27,3,communicators
27,6.0,25.0,28,3,communicators
28,6.0,26.0,29,3,communicators
29,6.0,28.0,30,3,communicators
30,4.0,26.0,31,3,communicators
31,4.0,25.0,32,3,communicators
32,6.0,27.0,33,3,communicators
33,5.0,25.0,34,3,communicators
34,8.0,25.0,35,3,communicators
35,8.0,22.0,36,3,communicators
36,8.0,19.0,37,3,communicators
37,8.0,16.0,38,3,communicators
38,10.0,14.0,39,3,communicators
39,12.0,12.0,40,3,communicators
40,14.0,10.0,41,3,communicators
41,14.0,7.0,42,3,communicators
42,14.0,7.0,43,3,communicators
43,14.0,5.0,44,3,communicators
44,16.0,4.0,45,3,communicators
45,17.0,5.0,46,3,communicators
46,17.0,6.0,47,3,communicators
47,17.0,4.0,48,3,communicators
48,15.0,4.0,49,3,communicators
49,14.0,4.0,50,3,communicators
50,16.0,6.0,51,3,communicators
51,17.0,7.0,52,3,communicators
52,16.0,7.0,53,3,communicators
53,18.0,6.0,54,3,communicators
54,18.0,7.0,55,3,communicators
55,17.0,6.0,56,3,communicators
56,15.0,5.0,57,3,communicators
57,14.0,7.0,58,3,communicators
58,12.0,9.0,59,3,communicators
59,14.0,9.0,60,3,communicators
60,13.0,11.0,61,3,communicators
61,13.0,13.0,62,3,communicators
62,13.0,14.0,63,3,communicators
63,13.0,11.0,64,3,communicators
64,13.0,9.0,65,3,communicators
65,15.0,8.0,66,3,communicators
66,15.0,6.0,67,3,communicators
67,14.0,8.0,68,3,communicators
68,15.0,7.0,69,3,communicators
69,14.0,6.0,70,3,communicators
70,15.0,4.0,71,3,communicators
71,14.0,5.0,72,3,communicators
72,11.0,5.0,73,3,communicators
73,8.0,5.0,74,3,communicators
74,6.0,7.0,75,3,communicators
75,3.0,7.0,76,3,communicators
76,3.0,7.0,77,3,communicators
77,3.0,10.0,78,3,communicators
78,3.0,9.0,79,3,communicators
79,4.0,8.0,80,3,communicators
80,2.0,7.0,81,3,communicators
81,2.0,10.0,82,3,communicators
82,1.0,9.0,83,3,communicators
83,1.0,8.0,84,3,communicators
84,1.0,7.0,85,3,communicators
85,4.0,7.0,86,3,communicators
86,2.0,9.0,87,3,communicators
87,2.0,8.0,88,3,communicators
88,1.0,10.0,89,3,communicators
89,3.0,8.0,90,3,communicators
90,4.0,9.0,91,3,communicators
91,4.0,10.0,92,3,communicators
92,3.0,12.0,93,3,communicators
93,3.0,9.0,94,3,communicators
94,3.0,6.0,95,3,communicators
95,5.0,7.0,96,3,communicators
96,7.0,9.0,97,3,communicators
97,9.0,11.0,98,3,communicators
98,11.0,13.0,99,3,communicators
99,13.0,14.0,100,3,communicators
100,14.0,14.0,101,3,communicators
101,15.0,14.0,102,3,communicators
102,16.0,15.0,103,3,communicators
103,15.0,16.0,104,3,communicators
104,16.0,14.0,105,3,communicators
105,14.0,16.0,106,3,communicators
106,14.0,13.0,107,3,communicators
107,15.0,13.0,108,3,communicators
108,16.0,13.0,109,3,communicators
109,16.0,16.0,110,3,communicators
110,13.0,16.0,111,3,communicators
111,15.0,15.0,112,3,communicators
112,13.0,15.0,113,3,communicators
113,14.0,15.0,114,3,communicators
114,13.0,16.0,115,3,communicators
115,13.0,15.0,116,3,communicators
116,11.0,14.0,117,3,communicators
117,14.0,14.0,118,3,communicators
118,12.0,13.0,119,3,communicators
119,0.0,0.0,120,3,communicators
0,6.0,2.0,1,4,communicators
1,8.0,4.0,2,4,communicators
2,10.0,6.0,3,4,communicators
3,13.0,6.0,4,4,communicators
4,13.0,6.0,5,4,communicators
5,14.0,5.0,6,4,communicators
6,14.0,7.0,7,4,communicators
7,13.0,7.0,8,4,communicators
8,15.0,7.0,9,4,communicators
9,14.0,8.0,10,4,communicators
10,12.0,6.0,11,4,communicators
11,13.0,5.0,12,4,communicators
12,15.0,6.0,13,4,communicators
13,15.0,8.0,14,4,communicators
14,12.0,8.0,15,4,communicators
15,12.0,7.0,16,4,communicators
16,14.0,6.0,17,4,communicators
17,15.0,5.0,18,4,communicators
18,12.0,5.0,19,4,communicators
19,12.0,8.0,20,4,communicators
20,13.0,8.0,21,4,communicators
21,13.0,11.0,22,4,communicators
22,11.0,12.0,23,4,communicators
23,9.0,14.0,24,4,communicators
24,9.0,17.0,25,4,communicators
25,9.0,20.0,26,4,communicators
26,7.0,22.0,27,4,communicators
27,7.0,25.0,28,4,communicators
28,6.0,26.0,29,4,communicators
29,6.0,28.0,30,4,communicators
30,4.0,26.0,31,4,communicators
31,4.0,25.0,32,4,communicators
32,6.0,23.0,33,4,communicators
33,7.0,21.0,34,4,communicators
34,7.0,18.0,35,4,communicators
35,9.0,16.0,36,4,communicators
36,11.0,14.0,37,4,communicators
37,11.0,11.0,38,4,communicators
38,13.0,9.0,39,4,communicators
39,15.0,7.0,40,4,communicators
40,15.0,7.0,41,4,communicators
41,15.0,6.0,42,4,communicators
42,14.0,7.0,43,4,communicators
43,14.0,5.0,44,4,communicators
44,16.0,4.0,45,4,communicators
45,17.0,5.0,46,4,communicators
46,17.0,6.0,47,4,communicators
47,17.0,4.0,48,4,communicators
48,15.0,4.0,49,4,communicators
49,14.0,4.0,50,4,communicators
50,16.0,6.0,51,4,communicators
51,17.0,7.0,52,4,communicators
52,16.0,7.0,53,4,communicators
53,17.0,5.0,54,4,communicators
54,15.0,7.0,55,4,communicators
55,16.0,7.0,56,4,communicators
56,17.0,7.0,57,4,communicators
57,16.0,6.0,58,4,communicators
58,16.0,8.0,59,4,communicators
59,18.0,10.0,60,4,communicators
60,20.0,10.0,61,4,communicators
61,20.0,10.0,62,4,communicators
62,22.0,8.0,63,4,communicators
63,19.0,8.0,64,4,communicators
64,18.0,10.0,65,4,communicators
65,17.0,11.0,66,4,communicators
66,16.0,12.0,67,4,communicators
67,14.0,12.0,68,4,communicators
68,16.0,14.0,69,4,communicators
69,14.0,16.0,70,4,communicators
70,14.0,14.0,71,4,communicators
71,15.0,16.0,72,4,communicators
72,13.0,14.0,73,4,communicators
73,11.0,12.0,74,4,communicators
74,8.0,12.0,75,4,communicators
75,6.0,10.0,76,4,communicators
76,3.0,10.0,77,4,communicators
77,3.0,10.0,78,4,communicators
78,3.0,9.0,79,4,communicators
79,4.0,8.0,80,4,communicators
80,2.0,7.0,81,4,communicators
81,2.0,10.0,82,4,communicators
82,1.0,9.0,83,4,communicators
83,1.0,8.0,84,4,communicators
84,1.0,7.0,85,4,communicators
85,4.0,7.0,86,4,communicators
86,2.0,9.0,87,4,communicators
87,2.0,8.0,88,4,communicators
88,1.0,10.0,89,4,communicators
89,3.0,8.0,90,4,communicators
90,4.0,9.0,91,4,communicators
91,4.0,10.0,92,4,communicators
92,3.0,12.0,93,4,communicators
93,2.0,11.0,94,4,communicators
94,4.0,11.0,95,4,communicators
95,4.0,13.0,96,4,communicators
96,7.0,13.0,97,4,communicators
97,10.0,13.0,98,4,communicators
98,13.0,13.0,99,4,communicators
99,13.0,14.0,100,4,communicators
100,14.0,14.0,101,4,communicators
101,15.0,14.0,102,4,communicators
102,16.0,15.0,103,4,communicators
103,15.0,16.0,104,4,communicators
104,16.0,14.0,105,4,communicators
105,14.0,16.0,106,4,communicators
106,14.0,13.0,107,4,communicators
107,15.0,13.0,108,4,communicators
108,16.0,13.0,109,4,communicators
109,16.0,16.0,110,4,communicators
110,13.0,16.0,111,4,communicators
111,15.0,15.0,112,4,communicators
112,13.0,15.0,113,4,communicators
113,14.0,15.0,114,4,communicators
114,14.0,16.0,115,4,communicators
115,12.0,15.0,116,4,communicators
116,10.0,13.0,117,4,communicators
117,12.0,15.0,118,4,communicators
118,12.0,18.0,119,4,communicators
119,0.0,0.0,120,4,communicators
0,13.0,8.0,1,5,communicators
1,14.0,6.0,2,5,communicators
2,12.0,5.0,3,5,communicators
3,13.0,6.0,4,5,communicators
4,13.0,6.0,5,5,communicators
5,14.0,5.0,6,5,communicators
6,14.0,7.0,7,5,communicators
7,13.0,7.0,8,5,communicators
8,15.0,7.0,9,5,communicators
9,14.0,8.0,10,5,communicators
10,12.0,6.0,11,5,communicators
11,13.0,5.0,12,5,communicators
12,15.0,6.0,13,5,communicators
13,15.0,8.0,14,5,communicators
14,12.0,8.0,15,5,communicators
15,12.0,7.0,16,5,communicators
16,14.0,6.0,17,5,communicators
17,15.0,5.0,18,5,communicators
18,12.0,5.0,19,5,communicators
19,13.0,7.0,20,5,communicators
20,13.0,8.0,21,5,communicators
21,11.0,10.0,22,5,communicators
22,9.0,12.0,23,5,communicators
23,9.0,15.0,24,5,communicators
24,9.0,18.0,25,5,communicators
25,7.0,20.0,26,5,communicators
26,5.0,22.0,27,5,communicators
27,5.0,25.0,28,5,communicators
28,6.0,26.0,29,5,communicators
29,6.0,28.0,30,5,communicators
30,4.0,26.0,31,5,communicators
31,4.0,25.0,32,5,communicators
32,4.0,26.0,33,5,communicators
33,6.0,26.0,34,5,communicators
34,8.0,24.0,35,5,communicators
35,8.0,22.0,36,5,communicators
36,8.0,19.0,37,5,communicators
37,8.0,16.0,38,5,communicators
38,10.0,14.0,39,5,communicators
39,12.0,12.0,40,5,communicators
40,14.0,10.0,41,5,communicators
41,14.0,7.0,42,5,communicators
42,14.0,7.0,43,5,communicators
43,14.0,5.0,44,5,communicators
44,16.0,4.0,45,5,communicators
45,17.0,5.0,46,5,communicators
46,17.0,6.0,47,5,communicators
47,17.0,4.0,48,5,communicators
48,15.0,4.0,49,5,communicators
49,14.0,4.0,50,5,communicators
50,16.0,6.0,51,5,communicators
51,17.0,7.0,52,5,communicators
52,16.0,7.0,53,5,communicators
53,17.0,9.0,54,5,communicators
54,18.0,7.0,55,5,communicators
55,20.0,5.0,56,5,communicators
56,17.0,5.0,57,5,communicators
57,17.0,5.0,58,5,communicators
58,17.0,4.0,59,5,communicators
59,16.0,5.0,60,5,communicators
60,14.0,5.0,61,5,communicators
61,16.0,5.0,62,5,communicators
62,18.0,7.0,63,5,communicators
63,21.0,7.0,64,5,communicators
64,23.0,7.0,65,5,communicators
65,24.0,8.0,66,5,communicators
66,24.0,9.0,67,5,communicators
67,23.0,10.0,68,5,communicators
68,21.0,9.0,69,5,communicators
69,23.0,9.0,70,5,communicators
70,23.0,9.0,71,5,communicators
71,21.0,9.0,72,5,communicators
72,18.0,9.0,73,5,communicators
73,15.0,9.0,74,5,communicators
74,12.0,9.0,75,5,communicators
75,9.0,9.0,76,5,communicators
76,6.0,9.0,77,5,communicators
77,4.0,10.0,78,5,communicators
78,3.0,9.0,79,5,communicators
79,4.0,8.0,80,5,communicators
80,2.0,7.0,81,5,communicators
81,2.0,10.0,82,5,communicators
82,1.0,9.0,83,5,communicators
83,1.0,8.0,84,5,communicators
84,1.0,7.0,85,5,communicators
85,4.0,7.0,86,5,communicators
86,2.0,9.0,87,5,communicators
87,2.0,8.0,88,5,communicators
88,1.0,10.0,89,5,communicators
89,3.0,8.0,90,5,communicators
90,4.0,9.0,91,5,communicators
91,4.0,10.0,92,5,communicators
92,2.0,10.0,93,5,communicators
93,2.0,8.0,94,5,communicators
94,4.0,10.0,95,5,communicators
95,3.0,8.0,96,5,communicators
96,5.0,10.0,97,5,communicators
97,7.0,12.0,98,5,communicators
98,10.0,12.0,99,5,communicators
99,12.0,14.0,100,5,communicators
100,14.0,14.0,101,5,communicators
101,15.0,14.0,102,5,communicators
102,16.0,15.0,103,5,communicators
103,15.0,16.0,104,5,communicators
104,16.0,14.0,105,5,communicators
105,14.0,16.0,106,5,communicators
106,14.0,13.0,107,5,communicators
107,15.0,13.0,108,5,communicators
108,16.0,13.0,109,5,communicators
109,16.0,16.0,110,5,communicators
110,13.0,16.0,111,5,communicators
111,15.0,15.0,112,5,communicators
112,13.0,15.0,113,5,communicators
113,14.0,15.0,114,5,communicators
114,17.0,15.0,115,5,communicators
115,17.0,15.0,116,5,communicators
116,18.0,16.0,117,5,communicators
117,18.0,17.0,118,5,communicators
118,20.0,18.0,119,5,communicators
119,0.0,0.0,120,5,communicators
0,26.0,5.0,1,6,communicators
1,23.0,5.0,2,6,communicators
2,20.0,5.0,3,6,communicators
3,17.0,5.0,4,6,communicators
4,14.0,5.0,5,6,communicators
5,14.0,5.0,6,6,communicators
6,14.0,7.0,7,6,communicators
7,13.0,7.0,8,6,communicators
8,15.0,7.0,9,6,communicators
9,14.0,8.0,10,6,communicators
10,12.0,6.0,11,6,communicators
11,13.0,5.0,12,6,communicators
12,15.0,6.0,13,6,communicators
13,15.0,8.0,14,6,communicators
14,12.0,8.0,15,6,communicators
15,12.0,7.0,16,6,communicators
16,14.0,6.0,17,6,communicators
17,15.0,5.0,18,6,communicators
18,12.0,5.0,19,6,communicators
19,13.0,7.0,20,6,communicators
20,13.0,8.0,21,6,communicators
21,13.0,11.0,22,6,communicators
22,11.0,13.0,23,6,communicators
23,9.0,15.0,24,6,communicators
24,9.0,18.0,25,6,communicators
25,7.0,20.0,26,6,communicators
26,5.0,22.0,27,6,communicators
27,5.0,25.0,28,6,communicators
28,6.0,26.0,29,6,communicators
29,6.0,28.0,30,6,communicators
30,4.0,26.0,31,6,communicators
31,4.0,25.0,32,6,communicators
32,4.0,22.0,33,6,communicators
33,6.0,20.0,34,6,communicators
34,6.0,17.0,35,6,communicators
35,8.0,15.0,36,6,communicators
36,10.0,13.0,37,6,communicators
37,12.0,11.0,38,6,communicators
38,14.0,9.0,39,6,communicators
39,15.0,7.0,40,6,communicators
40,15.0,7.0,41,6,communicators
41,15.0,6.0,42,6,communicators
42,14.0,7.0,43,6,communicators
43,14.0,5.0,44,6,communicators
44,16.0,4.0,45,6,communicators
45,17.0,5.0,46,6,communicators
46,17.0,6.0,47,6,communicators
47,17.0,4.0,48,6,communicators
48,15.0,4.0,49,6,communicators
49,14.0,4.0,50,6,communicators
50,16.0,6.0,51,6,communicators
51,17.0,7.0,52,6,communicators
52,16.0,7.0,53,6,communicators
53,17.0,5.0,54,6,communicators
54,16.0,5.0,55,6,communicators
55,16.0,7.0,56,6,communicators
56,16.0,4.0,57,6,communicators
57,17.0,4.0,58,6,communicators
58,15.0,2.0,59,6,communicators
59,13.0,3.0,60,6,communicators
60,15.0,4.0,61,6,communicators
61,16.0,2.0,62,6,communicators
62,16.0,2.0,63,6,communicators
63,18.0,2.0,64,6,communicators
64,20.0,3.0,65,6,communicators
65,20.0,1.0,66,6,communicators
66,20.0,3.0,67,6,communicators
67,20.0,4.0,68,6,communicators
68,22.0,5.0,69,6,communicators
69,20.0,5.0,70,6,communicators
70,20.0,2.0,71,6,communicators
71,21.0,0.0,72,6,communicators
72,19.0,2.0,73,6,communicators
73,16.0,2.0,74,6,communicators
74,13.0,2.0,75,6,communicators
75,10.0,2.0,76,6,communicators
76,8.0,4.0,77,6,communicators
77,6.0,6.0,78,6,communicators
78,4.0,8.0,79,6,communicators
79,4.0,8.0,80,6,communicators
80,2.0,7.0,81,6,communicators
81,2.0,10.0,82,6,communicators
82,1.0,9.0,83,6,communicators
83,1.0,8.0,84,6,communicators
84,1.0,7.0,85,6,communicators
85,4.0,7.0,86,6,communicators
86,2.0,9.0,87,6,communicators
87,2.0,8.0,88,6,communicators
88,1.0,10.0,89,6,communicators
89,3.0,8.0,90,6,communicators
90,4.0,9.0,91,6,communicators
91,4.0,10.0,92,6,communicators
92,6.0,12.0,93,6,communicators
93,7.0,12.0,94,6,communicators
94,8.0,10.0,95,6,communicators
95,10.0,12.0,96,6,communicators
96,12.0,14.0,97,6,communicators
97,14.0,15.0,98,6,communicators
98,13.0,13.0,99,6,communicators
99,13.0,14.0,100,6,communicators
100,14.0,14.0,101,6,communicators
101,15.0,14.0,102,6,communicators
102,16.0,15.0,103,6,communicators
103,15.0,16.0,104,6,communicators
104,16.0,14.0,105,6,communicators
105,14.0,16.0,106,6,communicators
106,14.0,13.0,107,6,communicators
107,15.0,13.0,108,6,communicators
108,16.0,13.0,109,6,communicators
109,16.0,16.0,110,6,communicators
110,13.0,16.0,111,6,communicators
111,15.0,15.0,112,6,communicators
112,13.0,15.0,113,6,communicators
113,14.0,15.0,114,6,communicators
114,15.0,15.0,115,6,communicators
115,16.0,14.0,116,6,communicators
116,18.0,12.0,117,6,communicators
117,18.0,11.0,118,6,communicators
118,20.0,9.0,119,6,communicators
119,0.0,0.0,120,6,communicators
0,3.0,25.0,1,7,communicators
1,4.0,27.0,2,7,communicators
2,5.0,27.0,3,7,communicators
3,4.0,26.0,4,7,communicators
4,4.0,25.0,5,7,communicators
5,3.0,27.0,6,7,communicators
6,3.0,27.0,7,7,communicators
7,3.0,26.0,8,7,communicators
8,3.0,26.0,9,7,communicators
9,6.0,26.0,10,7,communicators
10,6.0,27.0,11,7,communicators
11,6.0,27.0,12,7,communicators
12,4.0,27.0,13,7,communicators
13,4.0,28.0,14,7,communicators
14,4.0,28.0,15,7,communicators
15,5.0,28.0,16,7,communicators
16,5.0,28.0,17,7,communicators
17,5.0,25.0,18,7,communicators
18,5.0,25.0,19,7,communicators
19,6.0,25.0,20,7,communicators
20,6.0,28.0,21,7,communicators
21,3.0,28.0,22,7,communicators
22,3.0,28.0,23,7,communicators
23,4.0,26.0,24,7,communicators
24,5.0,27.0,25,7,communicators
25,5.0,26.0,26,7,communicators
26,3.0,25.0,27,7,communicators
27,6.0,25.0,28,7,communicators
28,6.0,26.0,29,7,communicators
29,6.0,28.0,30,7,communicators
30,4.0,26.0,31,7,communicators
31,4.0,25.0,32,7,communicators
32,1.0,25.0,33,7,communicators
33,1.0,22.0,34,7,communicators
34,3.0,21.0,35,7,communicators
35,5.0,19.0,36,7,communicators
36,7.0,17.0,37,7,communicators
37,9.0,15.0,38,7,communicators
38,11.0,13.0,39,7,communicators
39,13.0,11.0,40,7,communicators
40,15.0,9.0,41,7,communicators
41,15.0,6.0,42,7,communicators
42,14.0,7.0,43,7,communicators
43,14.0,5.0,44,7,communicators
44,16.0,4.0,45,7,communicators
45,17.0,5.0,46,7,communicators
46,17.0,6.0,47,7,communicators
47,17.0,4.0,48,7,communicators
48,15.0,4.0,49,7,communicators
49,14.0,4.0,50,7,communicators
50,16.0,6.0,51,7,communicators
51,17.0,7.0,52,7,communicators
52,16.0,7.0,53,7,communicators
53,17.0,7.0,54,7,communicators
54,19.0,5.0,55,7,communicators
55,20.0,7.0,56,7,communicators
56,21.0,6.0,57,7,communicators
57,20.0,8.0,58,7,communicators
58,18.0,7.0,59,7,communicators
59,19.0,5.0,60,7,communicators
60,17.0,7.0,61,7,communicators
61,15.0,9.0,62,7,communicators
62,13.0,7.0,63,7,communicators
63,14.0,8.0,64,7,communicators
64,12.0,8.0,65,7,communicators
65,12.0,7.0,66,7,communicators
66,13.0,7.0,67,7,communicators
67,16.0,7.0,68,7,communicators
68,19.0,7.0,69,7,communicators
69,21.0,9.0,70,7,communicators
70,19.0,10.0,71,7,communicators
71,18.0,12.0,72,7,communicators
72,15.0,12.0,73,7,communicators
73,12.0,12.0,74,7,communicators
74,9.0,12.0,75,7,communicators
75,7.0,10.0,76,7,communicators
76,4.0,10.0,77,7,communicators
77,3.0,10.0,78,7,communicators
78,3.0,9.0,79,7,communicators
79,4.0,8.0,80,7,communicators
80,2.0,7.0,81,7,communicators
81,2.0,10.0,82,7,communicators
82,1.0,9.0,83,7,communicators
83,1.0,8.0,84,7,communicators
84,1.0,7.0,85,7,communicators
85,4.0,7.0,86,7,communicators
86,2.0,9.0,87,7,communicators
87,2.0,8.0,88,7,communicators
88,1.0,10.0,89,7,communicators
89,3.0,8.0,90,7,communicators
90,4.0,9.0,91,7,communicators
91,4.0,10.0,92,7,communicators
92,4.0,7.0,93,7,communicators
93,5.0,9.0,94,7,communicators
94,7.0,11.0,95,7,communicators
95,8.0,13.0,96,7,communicators
96,11.0,13.0,97,7,communicators
97,13.0,15.0,98,7,communicators
98,13.0,13.0,99,7,communicators
99,13.0,14.0,100,7,communicators
100,14.0,14.0,101,7,communicators
101,15.0,14.0,102,7,communicators
102,16.0,15.0,103,7,communicators
103,15.0,16.0,104,7,communicators
104,16.0,14.0,105,7,communicators
105,14.0,16.0,106,7,communicators
106,14.0,13.0,107,7,communicators
107,15.0,13.0,108,7,communicators
108,16.0,13.0,109,7,communicators
109,16.0,16.0,110,7,communicators
110,13.0,16.0,111,7,communicators
111,15.0,15.0,112,7,communicators
112,13.0,15.0,113,7,communicators
113,14.0,15.0,114,7,communicators
114,16.0,13.0,115,7,communicators
115,17.0,14.0,116,7,communicators
116,17.0,15.0,117,7,communicators
117,17.0,15.0,118,7,communicators
118,19.0,16.0,119,7,communicators
119,0.0,0.0,120,7,communicators
0,13.0,28.0,1,8,communicators
1,10.0,28.0,2,8,communicators
2,7.0,28.0,3,8,communicators
3,5.0,26.0,4,8,communicators
4,4.0,25.0,5,8,communicators
5,3.0,27.0,6,8,communicators
6,3.0,27.0,7,8,communicators
7,3.0,26.0,8,8,communicators
8,3.0,26.0,9,8,communicators
9,6.0,26.0,10,8,communicators
10,6.0,27.0,11,8,communicators
11,6.0,27.0,12,8,communicators
12,4.0,27.0,13,8,communicators
13,4.0,28.0,14,8,communicators
14,4.0,28.0,15,8,communicators
15,5.0,28.0,16,8,communicators
16,5.0,28.0,17,8,communicators
17,5.0,25.0,18,8,communicators
18,5.0,25.0,19,8,communicators
19,6.0,25.0,20,8,communicators
20,6.0,28.0,21,8,communicators
21,3.0,28.0,22,8,communicators
22,3.0,28.0,23,8,communicators
23,4.0,26.0,24,8,communicators
24,5.0,27.0,25,8,communicators
25,5.0,26.0,26,8,communicators
26,3.0,25.0,27,8,communicators
27,6.0,25.0,28,8,communicators
28,6.0,26.0,29,8,communicators
29,6.0,28.0,30,8,communicators
30,4.0,26.0,31,8,communicators
31,4.0,25.0,32,8,communicators
32,5.0,24.0,33,8,communicators
33,6.0,22.0,34,8,communicators
34,8.0,21.0,35,8,communicators
35,10.0,19.0,36,8,communicators
36,10.0,16.0,37,8,communicators
37,10.0,13.0,38,8,communicators
38,12.0,11.0,39,8,communicators
39,14.0,9.0,40,8,communicators
40,15.0,7.0,41,8,communicators
41,15.0,6.0,42,8,communicators
42,14.0,7.0,43,8,communicators
43,14.0,5.0,44,8,communicators
44,16.0,4.0,45,8,communicators
45,17.0,5.0,46,8,communicators
46,17.0,6.0,47,8,communicators
47,17.0,4.0,48,8,communicators
48,15.0,4.0,49,8,communicators
49,14.0,4.0,50,8,communicators
50,16.0,6.0,51,8,communicators
51,17.0,7.0,52,8,communicators
52,16.0,7.0,53,8,communicators
53,15.0,8.0,54,8,communicators
54,14.0,8.0,55,8,communicators
55,15.0,6.0,56,8,communicators
56,13.0,7.0,57,8,communicators
57,13.0,7.0,58,8,communicators
58,14.0,9.0,59,8,communicators
59,11.0,9.0,60,8,communicators
60,12.0,10.0,61,8,communicators
61,14.0,11.0,62,8,communicators
62,13.0,10.0,63,8,communicators
63,11.0,8.0,64,8,communicators
64,13.0,7.0,65,8,communicators
65,16.0,7.0,66,8,communicators
66,16.0,6.0,67,8,communicators
67,17.0,5.0,68,8,communicators
68,16.0,4.0,69,8,communicators
69,16.0,6.0,70,8,communicators
70,16.0,5.0,71,8,communicators
71,16.0,5.0,72,8,communicators
72,13.0,5.0,73,8,communicators
73,10.0,5.0,74,8,communicators
74,7.0,5.0,75,8,communicators
75,5.0,7.0,76,8,communicators
76,3.0,7.0,77,8,communicators
77,3.0,10.0,78,8,communicators
78,3.0,9.0,79,8,communicators
79,4.0,8.0,80,8,communicators
80,2.0,7.0,81,8,communicators
81,2.0,10.0,82,8,communicators
82,1.0,9.0,83,8,communicators
83,1.0,8.0,84,8,communicators
84,1.0,7.0,85,8,communicators
85,4.0,7.0,86,8,communicators
86,2.0,9.0,87,8,communicators
87,2.0,8.0,88,8,communicators
88,1.0,10.0,89,8,communicators
89,3.0,8.0,90,8,communicators
90,4.0,9.0,91,8,communicators
91,4.0,10.0,92,8,communicators
92,4.0,12.0,93,8,communicators
93,6.0,11.0,94,8,communicators
94,6.0,12.0,95,8,communicators
95,7.0,11.0,96,8,communicators
96,10.0,11.0,97,8,communicators
97,12.0,13.0,98,8,communicators
98,13.0,13.0,99,8,communicators
99,13.0,14.0,100,8,communicators
100,14.0,14.0,101,8,communicators
101,15.0,14.0,102,8,communicators
102,16.0,15.0,103,8,communicators
103,15.0,16.0,104,8,communicators
104,16.0,14.0,105,8,communicators
105,14.0,16.0,106,8,communicators
106,14.0,13.0,107,8,communicators
107,15.0,13.0,108,8,communicators
108,16.0,13.0,109,8,communicators
109,16.0,16.0,110,8,communicators
110,13.0,16.0,111,8,communicators
111,15.0,15.0,112,8,communicators
112,13.0,15.0,113,8,communicators
113,14.0,15.0,114,8,communicators
114,16.0,13.0,115,8,communicators
115,14.0,13.0,116,8,communicators
116,16.0,12.0,117,8,communicators
117,17.0,14.0,118,8,communicators
118,18.0,12.0,119,8,communicators
119,0.0,0.0,120,8,communicators
0,24.0,19.0,1,9,communicators
1,22.0,17.0,2,9,communicators
2,20.0,15.0,3,9,communicators
3,18.0,13.0,4,9,communicators
4,16.0,11.0,5,9,communicators
5,14.0,9.0,6,9,communicators
6,14.0,7.0,7,9,communicators
7,13.0,7.0,8,9,communicators
8,15.0,7.0,9,9,communicators
9,14.0,8.0,10,9,communicators
10,12.0,6.0,11,9,communicators
11,13.0,5.0,12,9,communicators
12,15.0,6.0,13,9,communicators
13,15.0,8.0,14,9,communicators
14,12.0,8.0,15,9,communicators
15,12.0,7.0,16,9,communicators
16,14.0,6.0,17,9,communicators
17,15.0,5.0,18,9,communicators
18,12.0,5.0,19,9,communicators
19,12.0,8.0,20,9,communicators
20,13.0,8.0,21,9,communicators
21,13.0,11.0,22,9,communicators
22,11.0,12.0,23,9,communicators
23,9.0,14.0,24,9,communicators
24,9.0,17.0,25,9,communicators
25,7.0,19.0,26,9,communicators
26,5.0,21.0,27,9,communicators
27,5.0,24.0,28,9,communicators
28,6.0,26.0,29,9,communicators
29,6.0,28.0,30,9,communicators
30,4.0,26.0,31,9,communicators
31,4.0,25.0,32,9,communicators
32,5.0,27.0,33,9,communicators
33,3.0,27.0,34,9,communicators
34,4.0,29.0,35,9,communicators
35,4.0,26.0,36,9,communicators
36,5.0,28.0,37,9,communicators
37,7.0,26.0,38,9,communicators
38,5.0,24.0,39,9,communicators
39,7.0,22.0,40,9,communicators
40,9.0,20.0,41,9,communicators
41,9.0,17.0,42,9,communicators
42,11.0,15.0,43,9,communicators
43,11.0,12.0,44,9,communicators
44,13.0,10.0,45,9,communicators
45,15.0,8.0,46,9,communicators
46,17.0,6.0,47,9,communicators
47,17.0,4.0,48,9,communicators
48,15.0,4.0,49,9,communicators
49,14.0,4.0,50,9,communicators
50,16.0,6.0,51,9,communicators
51,17.0,7.0,52,9,communicators
52,16.0,7.0,53,9,communicators
53,16.0,8.0,54,9,communicators
54,18.0,8.0,55,9,communicators
55,19.0,10.0,56,9,communicators
56,20.0,10.0,57,9,communicators
57,18.0,8.0,58,9,communicators
58,17.0,9.0,59,9,communicators
59,19.0,11.0,60,9,communicators
60,18.0,9.0,61,9,communicators
61,20.0,9.0,62,9,communicators
62,19.0,11.0,63,9,communicators
63,19.0,10.0,64,9,communicators
64,16.0,10.0,65,9,communicators
65,17.0,9.0,66,9,communicators
66,18.0,8.0,67,9,communicators
67,18.0,9.0,68,9,communicators
68,20.0,9.0,69,9,communicators
69,18.0,8.0,70,9,communicators
70,18.0,10.0,71,9,communicators
71,16.0,12.0,72,9,communicators
72,13.0,12.0,73,9,communicators
73,10.0,12.0,74,9,communicators
74,7.0,12.0,75,9,communicators
75,5.0,10.0,76,9,communicators
76,3.0,10.0,77,9,communicators
77,3.0,10.0,78,9,communicators
78,3.0,9.0,79,9,communicators
79,4.0,8.0,80,9,communicators
80,2.0,7.0,81,9,communicators
81,2.0,10.0,82,9,communicators
82,1.0,9.0,83,9,communicators
83,1.0,8.0,84,9,communicators
84,1.0,7.0,85,9,communicators
85,4.0,7.0,86,9,communicators
86,2.0,9.0,87,9,communicators
87,2.0,8.0,88,9,communicators
88,1.0,10.0,89,9,communicators
89,3.0,8.0,90,9,communicators
90,4.0,9.0,91,9,communicators
91,4.0,10.0,92,9,communicators
92,7.0,10.0,93,9,communicators
93,10.0,10.0,94,9,communicators
94,12.0,12.0,95,9,communicators
95,14.0,14.0,96,9,communicators
96,15.0,15.0,97,9,communicators
97,14.0,15.0,98,9,communicators
98,13.0,13.0,99,9,communicators
99,13.0,14.0,100,9,communicators
100,14.0,14.0,101,9,communicators
101,15.0,14.0,102,9,communicators
102,16.0,15.0,103,9,communicators
103,15.0,16.0,104,9,communicators
104,16.0,14.0,105,9,communicators
105,14.0,16.0,106,9,communicators
106,14.0,13.0,107,9,communicators
107,15.0,13.0,108,9,communicators
108,16.0,13.0,109,9,communicators
109,16.0,16.0,110,9,communicators
110,13.0,16.0,111,9,communicators
111,15.0,15.0,112,9,communicators
112,13.0,15.0,113,9,communicators
113,14.0,15.0,114,9,communicators
114,12.0,14.0,115,9,communicators
115,13.0,12.0,116,9,communicators
116,12.0,14.0,117,9,communicators
117,10.0,13.0,118,9,communicators
118,9.0,14.0,119,9,communicators
119,0.0,0.0,120,9,communicators
